Workbook

Sheet All Videos
A1: title | B1: primary_domain | C1: sub_category | D1: structural_archetype | E1: published_date | F1: publish_day | G1: publish_hour | H1: views | I1: likes | J1: comments | K1: engagement_rate_% | L1: duration_formatted | M1: url | N1: video_id
A2: وہ دور مصطفٰی تھا میں مدینہ نبی میں تھا۔ صلی اللّٰہ علیہ والہ وسلم | B2: Civilizational History & Seerah | C2: Prophetic Era (Seerah) | D2: General Discourse | E2: 2024-03-06 | F2: Wednesday | G2: 11 | H2: 9987 | I2: 121 | J2: 2 | K2: 1.23 | L2: 03:01 | M2: https://youtube.com/watch?v=SfnV9pSUDBA | N2: SfnV9pSUDBA
A3: If you feel ummah as your own, Watch it! | B3: Civilizational History & Seerah | C3: Prophetic Era (Seerah) | D3: General Discourse | E3: 2024-03-01 | F3: Friday | G3: 3 | H3: 9511 | I3: 396 | J3: 67 | K3: 4.87 | L3: 11:37 | M3: https://youtube.com/watch?v=ioPGsbAOYFc | N3: ioPGsbAOYFc
A4: رسول اللہ صلی اللّٰہ علیہ وسلم اورکفار کا اصل جھگڑا کیا تھا؟ | B4: General Public Address | C4: Unassigned Overview Topics | D4: General Discourse | E4: 2024-01-25 | F4: Thursday | G4: 5 | H4: 1852 | I4: 137 | J4: 0 | K4: 7.4 | L4: 01:00 | M4: https://youtube.com/watch?v=Mg0rCBwkM-0 | N4: Mg0rCBwkM-0
A5: What is State? | B5: Contemporary Socio-Political Issues | C5: State vs. Secularism | D5: General Discourse | E5: 2024-06-10 | F5: Monday | G5: 13 | H5: 1129 | I5: 44 | J5: 1 | K5: 3.99 | L5: 00:55 | M5: https://youtube.com/watch?v=rcylPCYmrhM | N5: rcylPCYmrhM
A6: ایّاک نعبد وایّاک نستعین | B6: Quranic Exegesis & Core Theology | C6: General Discussion | D6: General Discourse | E6: 2026-02-13 | F6: Friday | G6: 13 | H6: 972 | I6: 32 | J6: 1 | K6: 3.4 | L6: 00:44 | M6: https://youtube.com/watch?v=JBHkwJepOOo | N6: JBHkwJepOOo
A7: 1. Fatiha to Baqara 27 | Ramzan 26 | B7: Quranic Exegesis & Core Theology | C7: Translation & Explanation | D7: Standalone Keynotes | E7: 2026-02-19 | F7: Thursday | G7: 5 | H7: 773 | I7: 26 | J7: 0 | K7: 3.36 | L7: 01:16:50 | M7: https://youtube.com/watch?v=pDfLWACswqY | N7: pDfLWACswqY
A8: Beware to oppose public rights movement | B8: Civilizational History & Seerah | C8: Companions (Sahaba) | D8: General Discourse | E8: 2024-04-07 | F8: Sunday | G8: 7 | H8: 744 | I8: 61 | J8: 0 | K8: 8.2 | L8: 00:39 | M8: https://youtube.com/watch?v=diHb_vtD2zE | N8: diHb_vtD2zE
A9: Discussion of Aiman | B9: Quranic Exegesis & Core Theology | C9: Translation & Explanation | D9: Standalone Keynotes | E9: 2024-07-08 | F9: Monday | G9: 5 | H9: 728 | I9: 7 | J9: 0 | K9: 0.96 | L9: 01:00:11 | M9: https://youtube.com/watch?v=un38nadMzwU | N9: un38nadMzwU
A10: معراج | Iqbal & Quran with friends | ضربِ کلیم | Ep.10 | B10: Iqbalian Philosophy (Fikr-e-Iqbal) | C10: Zarb-e-Kalim | D10: General Discourse | E10: 2023-04-01 | F10: Saturday | G10: 10 | H10: 689 | I10: 12 | J10: 1 | K10: 1.89 | L10: 13:15 | M10: https://youtube.com/watch?v=NUo9qrIKmPY | N10: NUo9qrIKmPY
A11: 5A. Pursuits vs Purpose of Life | B11: Socio-Spiritual Ethics & Family | C11: Spiritual Purification (Tazkiyah) | D11: Standalone Keynotes | E11: 2024-06-23 | F11: Sunday | G11: 5 | H11: 636 | I11: 8 | J11: 0 | K11: 1.26 | L11: 01:01:56 | M11: https://youtube.com/watch?v=p2XpUjtBJcI | N11: p2XpUjtBJcI
A12: 2nd A. Khilafat and knowledge | خلافت اور علم | B12: Civilizational History & Seerah | C12: Empires & Caliphates | D12: Standalone Keynotes | E12: 2024-06-01 | F12: Saturday | G12: 6 | H12: 612 | I12: 10 | J12: 0 | K12: 1.63 | L12: 01:02:21 | M12: https://youtube.com/watch?v=YjlANGnT5UA | N12: YjlANGnT5UA
A13: 4A. Who is Allah | Toheed in Modern times | B13: Quranic Exegesis & Core Theology | C13: Translation & Explanation | D13: Standalone Keynotes | E13: 2024-06-15 | F13: Saturday | G13: 5 | H13: 608 | I13: 4 | J13: 0 | K13: 0.66 | L13: 01:02:40 | M13: https://youtube.com/watch?v=VGc6Rpx4GFA | N13: VGc6Rpx4GFA
... A620: 1. Sorat Fatiha & Baqara # Dora Quran 2026 | B620: Quranic Exegesis & Core Theology | C620: Translation & Explanation | D620: Standalone Keynotes | E620: 2026-02-15 | F620: Sunday | G620: 2 | H620: 0 | I620: 0 | J620: 0 | K620: 0 | L620: 00:00 | M620: https://youtube.com/watch?v=P5nE1i1m2mQ | N620: P5nE1i1m2mQ

Sheet Category Summary
A1: Primary Domain | B1: Video Count | C1: Total Views | D1: Avg Views | E1: Avg Engagement % | F1: Avg Duration (sec)
A2: Civilizational History & Seerah | B2: =COUNTIF('All Videos'!B2:B620,A2) -> 59 | C2: =SUMIF('All Videos'!B2:B620,A2,'All Videos'!H2:H620) -> 27465 | D2: =IFERROR(C2/B2,0) -> 465.50847 | E2: =IFERROR(AVERAGEIF('All Videos'!B2:B620,A2,'All Videos'!K2:K620),0) -> 9.9427119
A3: Constitutional Law & Statecraft | B3: =COUNTIF('All Videos'!B2:B620,A3) -> 14 | C3: =SUMIF('All Videos'!B2:B620,A3,'All Videos'!H2:H620) -> 1243 | D3: =IFERROR(C3/B3,0) -> 88.785714 | E3: =IFERROR(AVERAGEIF('All Videos'!B2:B620,A3,'All Videos'!K2:K620),0) -> 7.5478571
A4: Contemporary Socio-Political Issues | B4: =COUNTIF('All Videos'!B2:B620,A4) -> 20 | C4: =SUMIF('All Videos'!B2:B620,A4,'All Videos'!H2:H620) -> 3389 | D4: =IFERROR(C4/B4,0) -> 169.45 | E4: =IFERROR(AVERAGEIF('All Videos'!B2:B620,A4,'All Videos'!K2:K620),0) -> 9.347
A5: General Public Address | B5: =COUNTIF('All Videos'!B2:B620,A5) -> 28 | C5: =SUMIF('All Videos'!B2:B620,A5,'All Videos'!H2:H620) -> 4209 | D5: =IFERROR(C5/B5,0) -> 150.32143 | E5: =IFERROR(AVERAGEIF('All Videos'!B2:B620,A5,'All Videos'!K2:K620),0) -> 13.962143
A6: Iqbalian Philosophy (Fikr-e-Iqbal) | B6: =COUNTIF('All Videos'!B2:B620,A6) -> 21 | C6: =SUMIF('All Videos'!B2:B620,A6,'All Videos'!H2:H620) -> 3541 | D6: =IFERROR(C6/B6,0) -> 168.61905 | E6: =IFERROR(AVERAGEIF('All Videos'!B2:B620,A6,'All Videos'!K2:K620),0) -> 9.9890476
A7: Quranic Exegesis & Core Theology | B7: =COUNTIF('All Videos'!B2:B620,A7) -> 465 | C7: =SUMIF('All Videos'!B2:B620,A7,'All Videos'!H2:H620) -> 40856 | D7: =IFERROR(C7/B7,0) -> 87.862366 | E7: =IFERROR(AVERAGEIF('All Videos'!B2:B620,A7,'All Videos'!K2:K620),0) -> 10.486151
A8: Socio-Spiritual Ethics & Family | B8: =COUNTIF('All Videos'!B2:B620,A8) -> 12 | C8: =SUMIF('All Videos'!B2:B620,A8,'All Videos'!H2:H620) -> 1639 | D8: =IFERROR(C8/B8,0) -> 136.58333 | E8: =IFERROR(AVERAGEIF('All Videos'!B2:B620,A8,'All Videos'!K2:K620),0) -> 9.64
A9: TOTAL | B9: =SUM(B2:B8) -> 619 | C9: =SUM(C2:C8) -> 82342

Sheet Clip Candidates
A1: Title | B1: Primary Domain | C1: Sub Category | D1: Views | E1: Likes | F1: Comments | G1: Engagement % | H1: Duration | I1: Clip Score | J1: URL
A2: If you feel ummah as your own, Watch it! | B2: Civilizational History & Seerah | C2: Prophetic Era (Seerah) | D2: 9511 | E2: 396 | F2: 67 | G2: 4.87 | H2: 11:37 | I2: 463.19 | J2: https://youtube.com/watch?v=ioPGsbAOYFc
A3: وہ دور مصطفٰی تھا میں مدینہ نبی میں تھا۔ صلی اللّٰہ علیہ والہ وسلم | B3: Civilizational History & Seerah | C3: Prophetic Era (Seerah) | D3: 9987 | E3: 121 | F3: 2 | G3: 1.23 | H3: 03:01 | I3: 122.84 | J3: https://youtube.com/watch?v=SfnV9pSUDBA
A4: محمد رسول اللہﷺ | MUHAMMAD RASOOLULLAH (SAW) | SPECIAL LECTURE -2 | | B4: Civilizational History & Seerah | C4: General Historical Reflections | D4: 241 | E4: 34 | F4: 4 | G4: 15.77 | H4: 58:30 | I4: 38.01 | J4: https://youtube.com/watch?v=pHSRLJksMs4
A5: لا إله إلا الله | LA ILAHA ILALLAH | SPECIAL LECTURE -1 | | B5: Quranic Exegesis & Core Theology | C5: Theological Principles | D5: 452 | E5: 34 | F5: 4 | G5: 8.41 | H5: 52:57 | I5: 38.01 | J5: https://youtube.com/watch?v=BExCpJ8i6Fk
A6: 01- Fatiha | Dora Tarjuma Quran 2023 | B6: Quranic Exegesis & Core Theology | C6: Translation & Explanation | D6: 350 | E6: 36 | F6: 2 | G6: 10.86 | H6: 34:38 | I6: 38.01 | J6: https://youtube.com/watch?v=GXLVngR0CZc
A7: Last Sermon of Hajj. Human rights charter. | B7: Civilizational History & Seerah | C7: Prophetic Era (Seerah) | D7: 241 | E7: 25 | F7: 8 | G7: 13.69 | H7: 10:36 | I7: 32.99 | J7: https://youtube.com/watch?v=BnQGxePUof0
A8: Should we vote? Why? How? To whom? | B8: Civilizational History & Seerah | C8: Prophetic Era (Seerah) | D8: 404 | E8: 29 | F8: 3 | G8: 7.92 | H8: 24:28 | I8: 32 | J8: https://youtube.com/watch?v=zy-LMe7ofq8
A9: The Just & Balancing Ummat. A Role Model for Humanity | B9: Contemporary Socio-Political Issues | C9: Current Events & Social Critiques | D9: 204 | E9: 24 | F9: 6 | G9: 14.71 | H9: 07:48 | I9: 30.01 | J9: https://youtube.com/watch?v=-8N25B-g6Zc
A10: Shikwa | شکوہ | Kalam e Iqbal | کلامِ اقبال | B10: Iqbalian Philosophy (Fikr-e-Iqbal) | C10: Shikwa / Jawab-e-Shikwa | D10: 265 | E10: 23 | F10: 4 | G10: 10.19 | H10: 50:10 | I10: 27 | J10: https://youtube.com/watch?v=Mw_-EPf1TRQ
A11: 1. Quranic Arabic Class | Gender & Capacity | B11: Quranic Exegesis & Core Theology | C11: Translation & Explanation | D11: 228 | E11: 22 | F11: 5 | G11: 11.84 | H11: 01:26:53 | I11: 27 | J11: https://youtube.com/watch?v=0QnDGSRbQ_A
A12: Reformation of a Muslim society|مسلم معاشرے کی اصلاح کا طریقہ کار| Khutba e Jumma | B12: Civilizational History & Seerah | C12: Prophetic Era (Seerah) | D12: 171 | E12: 23 | F12: 3 | G12: 15.2 | H12: 25:24 | I12: 25.99 | J12: https://youtube.com/watch?v=s2dzb5LuPjk
A13: 1. Fatiha to Baqara 27 | Ramzan 26 | B13: Quranic Exegesis & Core Theology | C13: Translation & Explanation | D13: 773 | E13: 26 | F13: 0 | G13: 3.36 | H13: 01:16:50 | I13: 25.97 | J13: https://youtube.com/watch?v=pDfLWACswqY
... A61: Islam. Complete code of life & its demands | اسلام۔ مکمل نظامِ زندگی & تقاضے | Shuja Uddin Sheikh | B61: Quranic Exegesis & Core Theology | C61: Theological Principles | D61: 91 | E61: 12 | F61: 1 | G61: 14.29 | H61: 47:46 | I61: 13 | J61: https://youtube.com/watch?v=Xx7bA2C4on0
A63: Clip Score = Views x Engagement Rate. Ranks reach and retention signal together, filtered to videos 3min+ (has enough source material to cut).

Sheet Needs Review
A1: Title | B1: Current Primary Domain | C1: Current Sub Category | D1: Archetype | E1: Views | F1: Duration | G1: URL | H1: Suggested Category
A2: رسول اللہ صلی اللّٰہ علیہ وسلم اورکفار کا اصل جھگڑا کیا تھا؟ | B2: General Public Address | C2: Unassigned Overview Topics | D2: General Discourse | E2: 1852 | F2: 01:00 | G2: https://youtube.com/watch?v=Mg0rCBwkM-0
A3: ایّاک نعبد وایّاک نستعین | B3: Quranic Exegesis & Core Theology | C3: General Discussion | D3: General Discourse | E3: 972 | F3: 00:44 | G3: https://youtube.com/watch?v=JBHkwJepOOo
A4: تو غنی از ہر دو عالم من فقیر | I am begger | B4: General Public Address | C4: Unassigned Overview Topics | D4: General Discourse | E4: 457 | F4: 00:43 | G4: https://youtube.com/watch?v=jgw7LqCX2jM
A5: Personal Talk | With Ayub Baig Mirza Sb | 02-Meeting with Dr Israr Ahmad (1968-1979) | B5: Civilizational History & Seerah | C5: General Discussion | D5: Serial Coursework | E5: 442 | F5: 37:31 | G5: https://youtube.com/watch?v=J5yR0joQTZY
A6: علم ہے ابن الکتاب۔۔ عشق ہے ام الکتاب | B6: General Public Address | C6: Unassigned Overview Topics | D6: General Discourse | E6: 362 | F6: 01:01 | G6: https://youtube.com/watch?v=pWa1vUNPVrs
A7: Personal Talk | With Ayub Baig Mirza Sb | 01-Early Life | B7: Iqbalian Philosophy (Fikr-e-Iqbal) | C7: General Discussion | D7: Serial Coursework | E7: 339 | F7: 01:00:00 | G7: https://youtube.com/watch?v=eDQ_lyr0Efo
A8: Personal Talk | With Ayub Baig Mirza Sb | 03-Zia ul Haq Era (1979-1989) | B8: Civilizational History & Seerah | C8: General Discussion | D8: Serial Coursework | E8: 327 | F8: 47:38 | G8: https://youtube.com/watch?v=CYO6pDRsCsA
A9: Personal Talk | With Dr. Abdul Samie Sb | 06 - Early life & Meeting Dr. Israr Ahmad R.A | B9: Quranic Exegesis & Core Theology | C9: General Discussion | D9: Public Dialogue | E9: 287 | F9: 42:10 | G9: https://youtube.com/watch?v=Zz5x3YrppjM
A10: Shame -1| حیا و پاکبازی | Intro & background | Special Lecture 9 | B10: Quranic Exegesis & Core Theology | C10: General Discussion | D10: Thematic Academic Seminars | E10: 262 | F10: 38:35 | G10: https://youtube.com/watch?v=F5FE47FNxVk
A11: #quran #iqbal For complete 10 min clip series... https://youtu.be/2vQKX3Vxa5o | B11: Iqbalian Philosophy (Fikr-e-Iqbal) | C11: General Discussion | D11: General Discourse | E11: 248 | F11: 01:00 | G11: https://youtube.com/watch?v=GZ5NMHf7Lzk
A12: Personal Talk | With Ayub Baig Mirza Sb | 04- 1990s part-1 | B12: Civilizational History & Seerah | C12: General Discussion | D12: Serial Coursework | E12: 248 | F12: 39:39 | G12: https://youtube.com/watch?v=bxwrphMdd9E
A13: رسول اللہ صلی اللّٰہ علیہ وسلم اورکفار کا اصل جھگڑا کیا تھا؟ | B13: General Public Address | C13: Unassigned Overview Topics | D13: General Discourse | E13: 242 | F13: 01:01 | G13: https://youtube.com/watch?v=hoGlCHTyYf8
... A104: Whom to read? #muhammad #imrankhan #billgates #stevejobs | B104: General Public Address | C104: Unassigned Overview Topics | D104: General Discourse | E104: 7 | F104: 00:24 | G104: https://youtube.com/watch?v=HVd3AXzWUmo
A106: 103 videos flagged as Unassigned/General Discussion — manual review or another keyword-refinement pass needed.

Sheet Series Tracker
A1: Series Name | B1: Episode Count | C1: Total Views | D1: Avg Views/Ep | E1: Avg Engagement % | F1: First Published | G1: Last Published
A2: Ramzan 26 Tarjuma Series | B2: 62 | C2: 8278 | D2: 133.5 | E2: 5.29 | F2: 2026-02-19 | G2: 2026-03-19
A3: Dora Tarjuma Quran | B3: 113 | C3: 6079 | D3: 53.8 | E3: 13.98 | F3: 2023-04-12 | G3: 2024-04-26
A4: Zarb-e-Kalim (Iqbal) | B4: 13 | C4: 2056 | D4: 158.2 | E4: 9.88 | F4: 2022-11-16 | G4: 2023-11-01
A5: Personal Talk - Ayub Baig Mirza Sb | B5: 5 | C5: 1469 | D5: 293.8 | E5: 5.81 | F5: 2023-01-15 | G5: 2023-03-01
A6: Seerat un Nabi Course | B6: 7 | C6: 1234 | D6: 176.3 | E6: 10.89 | F6: 2022-12-09 | G6: 2023-10-01
A7: Personal Talk - Dr. Abdul Samie Sb | B7: 1 | C7: 287 | D7: 287 | E7: 7.67 | F7: 2023-03-12 | G7: 2023-03-12
A10: EPISODE DETAIL
A11: Series | B11: Title | C11: Published Date | D11: Views | E11: Engagement % | F11: URL
A12: Dora Tarjuma Quran | B12: 01- Fatiha | Dora Tarjuma Quran 2023 | C12: 2023-04-12 | D12: 350 | E12: 10.86 | F12: https://youtube.com/watch?v=GXLVngR0CZc
A13: Dora Tarjuma Quran | B13: 02- Baqara R1-4 | Dora Tarjuma Quran 2023 | C13: 2023-04-13 | D13: 242 | E13: 6.2 | F13: https://youtube.com/watch?v=bYGc5v9JoE8
A14: Dora Tarjuma Quran | B14: 04- Baqara R13-16 | Dora Tarjuma Quran 2023 | C14: 2023-04-18 | D14: 110 | E14: 8.18 | F14: https://youtube.com/watch?v=YyVmApfqxIc
A15: Dora Tarjuma Quran | B15: 03- Baqara R 5-12 | Dora tarjuma Quran 2023 | C15: 2023-04-18 | D15: 97 | E15: 10.31 | F15: https://youtube.com/watch?v=b0wd2EMcrmE
A16: Dora Tarjuma Quran | B16: 05- Baqara R17-22 | Dora tarjuma Quran 2023 | C16: 2023-04-20 | D16: 82 | E16: 9.76 | F16: https://youtube.com/watch?v=x4sXC1Df_m8
A17: Dora Tarjuma Quran | B17: 06- Baqara R23-27 | Dora Tarjuma Quran 2023 | C17: 2023-04-25 | D17: 70 | E17: 8.57 | F17: https://youtube.com/watch?v=rM2VDSXqEmw
A18: Dora Tarjuma Quran | B18: 07- Baqara R27-32 | Dora Tarjuma Quran 2023 | C18: 2023-04-30 | D18: 78 | E18: 7.69 | F18: https://youtube.com/watch?v=JSnbfzL3gSw
A19: Dora Tarjuma Quran | B19: Love & Respect Your Spouses - A Short Reminder | Dora Tarjuma Quran 2023 | C19: 2023-05-01 | D19: 413 | E19: 7.99 | F19: https://youtube.com/watch?v=77QRMM8yoYs
A20: Dora Tarjuma Quran | B20: 08- Baqara R33-40 | Dora Tarjuma Quran 2023 | C20: 2023-05-16 | D20: 96 | E20: 6.25 | F20: https://youtube.com/watch?v=qKsr_RhKdQs
A21: Dora Tarjuma Quran | B21: 09- Aale Imran R1-6 | Dora Tarjuma Quran 2023 | C21: 2023-05-28 | D21: 60 | E21: 11.67 | F21: https://youtube.com/watch?v=Q_j_5cUn5yk
A22: Dora Tarjuma Quran | B22: 10- Aal e Imran R7-12 | Dora Tarjuma Quran 2023 | C22: 2023-06-08 | D22: 57 | E22: 19.3 | F22: https://youtube.com/watch?v=YFyR8eRwsAk
A23: Dora Tarjuma Quran | B23: 11- Aal e Imran R13-16 | Dora Tarjuma Quran 2023 | C23: 2023-06-25 | D23: 72 | E23: 12.5 | F23: https://youtube.com/watch?v=UE7W-np2mHo
... A212: Zarb-e-Kalim (Iqbal) | B212: Muslim's Downfall | ضربِ کلیم | مسلمان کا زوال | C212: 2023-11-01 | D212: 138 | E212: 9.42 | F212: https://youtube.com/watch?v=y79tgi53_eU
